videoid,contentUrl,duration,page_dir,name
6360257,https://ak.picdn.net/shutterstock/videos/6360257/preview/stock-footage-close-view-time-lapse-taken-of-the-new-span-of-the-san-francisco-bay-bridge-at-night-from-treasure.mp4,PT00H00M22S,101801_101850,Close view time lapse taken of the new span of the san francisco bay bridge at night from treasure island taken from the south side of the bridge. the old bridge can be seen in silhouette
19155838,https://ak.picdn.net/shutterstock/videos/19155838/preview/stock-footage-elderly-businessman-calling-on-phone-on-the-open-cafe-near-sea-k.mp4,PT00H00M12S,004151_004200,Elderly businessman calling on phone on the open cafe near sea. 4k
14868670,https://ak.picdn.net/shutterstock/videos/14868670/preview/stock-footage-moscow-russia-feb-buyers-walk-through-the-shopping-center-mega-khimki-hd.mp4,PT00H00M15S,002651_002700,Moscow/russia - feb 23 2016: buyers walk through the shopping center mega khimki hd
27465502,https://ak.picdn.net/shutterstock/videos/27465502/preview/stock-footage-bubbles-and-foam-in-a-glass-of-light-beer.mp4,PT00H00M07S,141451_141500,Bubbles and foam in a glass of light beer
29973133,https://ak.picdn.net/shutterstock/videos/29973133/preview/stock-footage-pheasant-tailed-jacana-in-thailand.mp4,PT00H00M11S,127601_127650,Pheasant-tailed jacana in thailand
32937382,https://ak.picdn.net/shutterstock/videos/32937382/preview/stock-footage-horse-carriage-ride-along-the-guadalquivir-river.mp4,PT00H00M06S,007951_008000,Horse carriage ride along the guadalquivir river
